Trained Epochs,BC Loss,QL Loss,Actor Loss,Critic Loss
50,0.07462588250715285,-1.0000459459888935,-0.9254200635319948,21204.40359653072
